cyl,disp,hp,drat,wt,qsec,vs,am,gear,carb,prediction
4,79.0,66,4.08,1.935,18.9,1,1,4,1,31.517000000000056
4,120.3,91,4.43,2.14,16.7,0,1,5,2,27.345000000000038
4,95.1,113,3.77,1.5130000000000001,16.9,1,1,5,2,24.81500000000002
8,351.0,264,4.22,3.17,14.5,0,1,5,4,19.494
6,145.0,175,3.62,2.77,15.5,0,1,5,6,20.192000000000004
8,301.0,335,3.54,3.57,14.6,0,1,5,8,14.203999999999981
4,121.0,109,4.11,2.78,18.6,1,1,4,2,24.11800000000002
